{"cameraMode":{"drawMode":0,"name":"Shaded","section":"Shading Mode"},"sceneLighting":true,"audioPlay":false,"sceneViewState":{"showFog":false,"showMaterialUpdate":false,"showSkybox":true,"showFlares":false,"showImageEffects":false,"showParticleSystems":false},"in2DMode":false,"pivot":{"x":-1.2512471675872803,"y":15.934394836425782,"z":-3.0127205848693849},"rotation":{"x":-0.35507896542549136,"y":0.0005522734136320651,"z":-0.00021749416191596538,"w":-0.9348316192626953},"size":0.4548923969268799,"orthographic":false}