{"cameraMode":{"drawMode":0,"name":"Shaded","section":"Shading Mode"},"sceneLighting":true,"audioPlay":false,"sceneViewState":{"showFog":false,"showMaterialUpdate":false,"showSkybox":true,"showFlares":false,"showImageEffects":false,"showParticleSystems":false},"in2DMode":false,"pivot":{"x":-2.7086760997772219,"y":2.270552396774292,"z":3.509507656097412},"rotation":{"x":-0.03591051697731018,"y":0.5633584856987,"z":-0.024525828659534456,"w":-0.8250640034675598},"size":0.3370284140110016,"orthographic":false}